Category,Subcategory
Bathroom,Bathtubs
Bathroom,Bathroom Accessories
Bathroom,Bathroom Furniture
Bathroom,Faucets
Bathroom,Mirrors
Bathroom,Showers
Bathroom,Toilets
Bathroom,Urinals
Bathroom,Washbasins
Bathroom,Wellness
Building Services,Air Handling Units
Building Services,Cable Management
Building Services,Electrical Installations
Building Services,Elevators & Escalators
Building Services,Fire Protection
Building Services,Heating Systems
Building Services,HVAC Components
Building Services,Pipes & Fittings
Building Services,Plumbing
Building Services,Pumps
Building Services,Solar Energy
Building Services,Sprinkler Systems
Building Services,Ventilation
Construction,Beams & Columns
Construction,Concrete Elements
Construction,Fasteners & Fixings
Construction,Foundation Systems
Construction,Insulation
Construction,Precast Concrete
Construction,Reinforcement
Construction,Steel Structures
Construction,Timber Structures
Doors,Door Accessories
Doors,Door Handles & Hardware
Doors,Exterior Doors
Doors,Fire Doors
Doors,Folding Doors
Doors,Glass Doors
Doors,Industrial Doors
Doors,Interior Doors
Doors,Revolving Doors
Doors,Sliding Doors
Electrical,Cable Trays
Electrical,Connectors & Outlets
Electrical,Distribution Boards
Electrical,Lighting Controls
Electrical,Power Distribution
Electrical,Smart Home Systems
Electrical,Switches & Sockets
Electrical,Transformers
Electrical,Wiring Devices
Facades,Balconies & Railings
Facades,Cladding
Facades,Curtain Walls
Facades,Facade Elements
Facades,Facade Systems
Facades,Sunscreens & Louvers
Flooring,Carpet
Flooring,Ceramic Tiles
Flooring,Flooring Accessories
Flooring,Hardwood Flooring
Flooring,Laminate Flooring
Flooring,Natural Stone
Flooring,Raised Access Floors
Flooring,Resilient Flooring
Flooring,Sports Flooring
Furniture,Beds
Furniture,Chairs
Furniture,Desks & Tables
Furniture,Office Furniture
Furniture,Outdoor Furniture
Furniture,Seating
Furniture,Shelving & Storage
Furniture,Sofas
Kitchen,Cookers & Ovens
Kitchen,Cooktops
Kitchen,Dishwashers
Kitchen,Extractors & Hoods
Kitchen,Kitchen Accessories
Kitchen,Kitchen Faucets
Kitchen,Kitchen Furniture
Kitchen,Kitchen Sinks
Kitchen,Refrigerators & Freezers
Landscaping,Benches & Site Furniture
Landscaping,Fencing & Gates
Landscaping,Irrigation
Landscaping,Landscaping Elements
Landscaping,Pavers & Paving
Landscaping,Planters
Landscaping,Playground Equipment
Landscaping,Retaining Walls
Lighting,Ceiling Lights
Lighting,Decorative Lighting
Lighting,Downlights
Lighting,Emergency Lighting
Lighting,Exterior Lighting
Lighting,LED Panels
Lighting,Linear Lighting
Lighting,Pendant Lights
Lighting,Spotlights
Lighting,Track Lighting
Lighting,Wall Lights
Roofing,Flat Roofing
Roofing,Green Roofing
Roofing,Metal Roofing
Roofing,Roof Accessories
Roofing,Roof Tiles
Roofing,Roof Windows & Skylights
Roofing,Waterproofing
Safety & Security,Access Control
Safety & Security,Alarm Systems
Safety & Security,CCTV & Surveillance
Safety & Security,Emergency Equipment
Safety & Security,Fire Alarm Systems
Safety & Security,Safety Equipment
Walls & Ceilings,Acoustic Panels
Walls & Ceilings,Ceiling Systems
Walls & Ceilings,Drywall & Plasterboard
Walls & Ceilings,Interior Wall Finishes
Walls & Ceilings,Partitions
Walls & Ceilings,Suspended Ceilings
Walls & Ceilings,Wall Cladding
Walls & Ceilings,Wall Panels
Windows,Aluminum Windows
Windows,Fixed Windows
Windows,Roof Windows
Windows,Sliding Windows
Windows,Tilt & Turn Windows
Windows,Window Accessories
Windows,Window Blinds & Shutters
Windows,Window Systems
Windows,Wood Windows
Outdoor,Canopies & Shelters
Outdoor,Decking
Outdoor,Outdoor Lighting
Outdoor,Parking Systems
Outdoor,Street Furniture
Outdoor,Waste Management
Accessibility,Accessible Bathrooms
Accessibility,Grab Bars & Supports
Accessibility,Ramps & Lifts
Accessibility,Signage & Wayfinding
Acoustics,Acoustic Baffles
Acoustics,Acoustic Doors
Acoustics,Acoustic Enclosures
Acoustics,Sound Insulation
Acoustics,Sound Masking Systems
Other,Custom Components
Other,Generic Models
Other,Miscellaneous
Other,Specialty Equipment
Other,Temporary Structures